<?xml version="1.0" encoding="UTF-8"?>
<project-private xmlns="http://www.netbeans.org/ns/project-private/1">
    <editor-bookmarks xmlns="http://www.netbeans.org/ns/editor-bookmarks/2" lastBookmarkId="0"/>
    <open-files xmlns="http://www.netbeans.org/ns/projectui-open-files/2">
        <group>
            <file>file:/C:/Users/Selatrop/Documents/Universidad/Semestre%20VI/Laboratorio%20Electrónica%20II/Proyecto%20Generador%202.0/pruebasDAC/src/modelo/interrupcion.java</file>
            <file>file:/C:/Users/Selatrop/Documents/Universidad/Semestre%20VI/Laboratorio%20Electrónica%20II/Proyecto%20Generador%202.0/pruebasDAC/src/modelo/Rx.java</file>
        </group>
    </open-files>
</project-private>
